Player,From,To,Pos,Ht,Wt,DOB,College
Quincy Acy,2013,2016,F,6-7,240,October 6  1990,Baylor University
Jordan Adams,2015,2016,G,6-5,209,July 8  1994,University of California  Los Angeles
Steven Adams,2014,2016,C,7-0,255,July 20  1993,University of Pittsburgh
Jeff Adrien,2011,2015,F,6-7,245,February 10  1986,University of Connecticut
Arron Afflalo,2008,2016,G,6-5,210,October 15  1985,University of California  Los Angeles
Alexis Ajinca,2009,2016,C,7-2,248,May 6  1988,
Josh Akognon,2013,2013,G,5-11,185,February 10  1986,California State University  Fullerton
Solomon Alabi,2011,2012,C,7-1,251,March 21  1988,Florida State University
Furkan Aldemir,2015,2015,F-C,6-10,240,August 9  1991,
Cole Aldrich,2011,2016,C,6-11,250,October 31  1988,University of Kansas
LaMarcus Aldridge,2007,2016,F,6-11,240,July 19  1985,University of Texas at Austin
Cliff Alexander,2016,2016,F,6-8,240,November 16  1995,University of Kansas
Lavoy Allen,2012,2016,F-C,6-9,255,February 4  1989,Temple University
Tony Allen,2005,2016,G-F,6-4,213,January 11  1982,Oklahoma State University
Al-Farouq Aminu,2011,2016,F,6-9,215,September 21  1990,Wake Forest University
Lou Amundson,2007,2016,F,6-9,220,December 7  1982,University of Nevada  Las Vegas
Chris Andersen,2002,2016,F-C,6-10,245,July 7  1978,Blinn College
Alan Anderson,2006,2015,G-F,6-6,220,October 16  1982,Michigan State University
James Anderson,2011,2016,G-F,6-6,213,March 25  1989,Oklahoma State University
Justin Anderson,2016,2016,G,6-6,228,November 19  1993,University of Virginia
Kyle Anderson,2015,2016,G-F,6-9,230,September 20  1993,University of California  Los Angeles
Ryan Anderson,2009,2016,F,6-10,240,May 6  1988,University of California
Giannis Antetokounmpo,2014,2016,F-G,6-11,222,December 6  1994,
Thanasis Antetokounmpo,2016,2016,F,6-7,205,July 17  1992,
Carmelo Anthony,2004,2016,F,6-8,240,May 29  1984,Syracuse University
Joel Anthony,2008,2016,C,6-9,245,August 9  1982,University of Nevada  Las Vegas
Pero Antic,2014,2015,F,6-11,260,July 29  1982,
Keith Appling,2016,2016,G,6-1,185,February 13  1992,Michigan State University
Trevor Ariza,2005,2016,F,6-8,215,June 30  1985,University of California  Los Angeles
Hilton Armstrong,2007,2014,F-C,6-11,235,November 11  1984,University of Connecticut
Darrell Arthur,2009,2016,F,6-9,235,March 25  1988,University of Kansas
Omer Asik,2011,2016,C,7-0,255,July 4  1986,
D.J. Augustin,2009,2016,G,6-0,183,November 10  1987,University of Texas at Austin
Gustavo Ayon,2012,2014,C,6-10,250,April 1  1985,
Jeff Ayres,2010,2016,F,6-9,240,April 29  1987,Arizona State University
Chris Babb,2014,2014,G,6-5,225,February 14  1990,Iowa State University
Luke Babbitt,2011,2016,F,6-9,225,June 20  1989,University of Nevada  Reno
Cameron Bairstow,2015,2016,F-C,6-9,250,December 7  1990,University of New Mexico
Renaldo Balkman,2007,2012,F,6-8,208,July 14  1984,University of South Carolina
Leandro Barbosa,2004,2016,G,6-3,194,November 28  1982,
J.J. Barea,2007,2016,G,6-0,185,June 26  1984,Northeastern University
Andrea Bargnani,2007,2016,F-C,7-0,245,October 26  1985,
Harrison Barnes,2013,2016,F,6-8,210,May 30  1992,University of North Carolina
Matt Barnes,2004,2016,F,6-7,226,March 9  1980,University of California  Los Angeles
Earl Barron,2006,2015,C,7-0,250,August 14  1981,University of Memphis
Will Barton,2013,2016,G,6-6,175,January 6  1991,University of Memphis
Brandon Bass,2006,2016,F,6-8,250,April 30  1985,Louisiana State University
Nicolas Batum,2009,2016,F-G,6-8,200,December 14  1988,
Jerryd Bayless,2009,2016,G,6-3,200,August 20  1988,University of Arizona
Aron Baynes,2013,2016,F-C,6-10,260,December 9  1986,Washington State University
Kent Bazemore,2013,2016,G-F,6-5,201,July 1  1989,Old Dominion University
Bradley Beal,2013,2016,G,6-5,207,June 28  1993,University of Florida
Michael Beasley,2009,2015,F,6-9,235,January 9  1989,Kansas State University
Rodrigue Beaubois,2010,2013,G,6-0,170,February 24  1988,
Marco Belinelli,2008,2016,G-F,6-5,210,March 25  1986,
Jerrelle Benimon,2015,2015,F,6-8,245,August 1  1991,Towson University
Anthony Bennett,2014,2016,F,6-8,245,March 14  1993,University of Nevada  Las Vegas
Keith Benson,2012,2012,C,6-11,240,August 13  1988,Oakland University
Patrick Beverley,2013,2016,G,6-1,185,July 12  1988,University of Arkansas
Sim Bhullar,2015,2015,C,7-5,360,December 2  1992,New Mexico State University
Andris Biedrins,2005,2014,C,6-11,240,April 2  1986,
Bismack Biyombo,2012,2016,C-F,6-9,245,August 28  1992,
Nemanja Bjelica,2016,2016,F,6-10,240,May 9  1988,
Tarik Black,2015,2016,C-F,6-9,250,November 22  1991,University of Kansas
DeJuan Blair,2010,2016,F-C,6-7,270,April 22  1989,University of Pittsburgh
Steve Blake,2004,2016,G,6-3,172,February 26  1980,University of Maryland
Andray Blatche,2006,2014,F,6-11,235,August 22  1986,
Eric Bledsoe,2011,2016,G,6-1,190,December 9  1989,University of Kentucky
Vander Blue,2014,2015,G,6-4,200,July 17  1992,Marquette University
Keith Bogans,2004,2014,G-F,6-5,215,May 12  1980,University of Kentucky
Bojan Bogdanovic,2015,2016,G-F,6-8,216,April 18  1989,
Andrew Bogut,2006,2016,C,7-0,260,November 28  1984,University of Utah
Matt Bonner,2005,2016,F,6-10,235,April 5  1980,University of Florida
Devin Booker,2016,2016,G,6-6,206,October 30  1996,University of Kentucky
Trevor Booker,2011,2016,F,6-8,228,November 25  1987,Clemson University
Carlos Boozer,2003,2015,F-C,6-9,258,November 20  1981,Duke University
Chris Bosh,2004,2016,F-C,6-11,235,March 24  1984,Georgia Institute of Technology
Avery Bradley,2011,2016,G,6-2,180,November 26  1990,University of Texas at Austin
Elton Brand,2000,2015,F,6-8,275,March 11  1979,Duke University
Corey Brewer,2008,2016,F-G,6-9,186,March 5  1986,University of Florida
Ronnie Brewer,2007,2014,G-F,6-7,220,March 20  1985,University of Arkansas
Aaron Brooks,2008,2016,G,6-0,161,January 14  1985,University of Oregon
MarShon Brooks,2012,2014,G-F,6-5,200,January 26  1989,Providence College
Anthony Brown,2016,2016,F,6-7,210,October 10  1992,Stanford University
Jabari Brown,2015,2015,G,6-4,215,December 18  1992,University of Missouri
Lorenzo Brown,2014,2016,G,6-5,189,August 26  1990,North Carolina State University
Markel Brown,2015,2016,G,6-3,190,January 29  1992,Oklahoma State University
Shannon Brown,2007,2015,G,6-4,205,November 29  1985,Michigan State University
Kobe Bryant,1997,2016,G-F,6-6,212,August 23  1978,
Chase Budinger,2010,2016,F,6-7,209,May 22  1988,University of Arizona
Reggie Bullock,2014,2016,G-F,6-7,205,March 16  1991,University of North Carolina
Trey Burke,2014,2016,G,6-1,191,November 12  1992,University of Michigan
Alec Burks,2012,2016,G,6-6,214,July 20  1991,University of Colorado
Caron Butler,2003,2016,F,6-7,228,March 13  1980,University of Connecticut
Jimmy Butler,2012,2016,G-F,6-7,220,September 14  1989,Marquette University
Rasual Butler,2003,2016,G-F,6-7,215,May 23  1979,La Salle University
Dwight Buycks,2014,2015,G,6-3,190,March 6  1989,Marquette University
Derrick Byars,2012,2012,F,6-7,220,April 25  1984,Vanderbilt University
Andrew Bynum,2006,2014,C,7-0,285,October 27  1987,
Will Bynum,2006,2015,G,6-0,185,January 4  1983,Georgia Institute of Technology
Bruno Caboclo,2015,2016,F,6-9,205,September 21  1995,
Nick Calathes,2014,2015,G,6-6,213,February 7  1989,University of Florida
Jose Calderon,2006,2016,G,6-3,200,September 28  1981,
Kentavious Caldwell-Pope,2014,2016,G,6-5,205,February 18  1993,University of Georgia
Isaiah Canaan,2014,2016,G,6-0,201,May 21  1991,Murray State University
Clint Capela,2015,2016,C,6-10,240,May 18  1994,
DeMarre Carroll,2010,2016,F,6-8,212,July 27  1986,University of Missouri
Vince Carter,1999,2016,G-F,6-6,220,January 26  1977,University of North Carolina
Michael Carter-Williams,2014,2016,G,6-6,190,October 10  1991,Syracuse University
Omri Casspi,2010,2016,F,6-9,225,June 22  1988,
Willie Cauley-Stein,2016,2016,F-C,7-0,240,August 18  1993,University of Kentucky
Mario Chalmers,2009,2016,G,6-2,190,May 19  1986,University of Kansas
Tyson Chandler,2002,2016,C,7-1,240,October 2  1982,
Wilson Chandler,2008,2015,F,6-8,225,May 10  1987,DePaul University
Will Cherry,2015,2015,G,6-0,185,February 8  1991,University of Montana
Josh Childress,2005,2014,G-F,6-8,210,June 20  1983,Stanford University
Dionte Christmas,2014,2014,G,6-5,205,September 15  1986,Temple University
Patrick Christopher,2015,2015,G-F,6-5,209,June 3  1988,University of California
Earl Clark,2010,2015,F,6-10,225,January 17  1988,University of Louisville
Ian Clark,2014,2016,G,6-3,175,March 7  1991,Belmont University
Jordan Clarkson,2015,2016,G,6-5,185,June 7  1992,University of Missouri
Victor Claver,2013,2015,F,6-9,224,August 30  1988,
Norris Cole,2012,2016,G,6-2,175,October 13  1988,Cleveland State University
Darren Collison,2010,2016,G,6-0,175,August 23  1987,University of California  Los Angeles
Nick Collison,2005,2016,F,6-10,255,October 26  1980,University of Kansas
Mike Conley,2008,2016,G,6-1,175,October 11  1987,Ohio State University
Pat Connaughton,2016,2016,G,6-5,206,January 6  1993,University of Notre Dame
Brian Cook,2004,2012,F,6-9,234,December 4  1980,University of Illinois at Urbana-Champaign
Daequan Cook,2008,2013,G,6-5,205,April 28  1987,Ohio State University
Jack Cooley,2015,2015,F,6-9,260,April 4  1991,University of Notre Dame
Chris Copeland,2013,2016,F,6-9,239,March 17  1984,University of Colorado
Bryce Cotton,2015,2016,G,6-1,165,August 11  1992,Providence College
Marcus Cousin,2011,2011,C,6-11,245,December 18  1986,University of Houston
DeMarcus Cousins,2011,2016,C-F,6-11,270,August 13  1990,University of Kentucky
Robert Covington,2014,2016,F,6-9,215,December 14  1990,Tennessee State University
Allen Crabbe,2014,2016,G-F,6-6,210,April 9  1992,University of California
Jamal Crawford,2001,2016,G,6-5,195,March 20  1980,University of Michigan
Jordan Crawford,2011,2014,G,6-4,195,October 23  1988,Xavier University
Jae Crowder,2013,2016,F,6-6,235,July 6  1990,Marquette University
Dante Cunningham,2010,2016,F,6-8,230,April 22  1987,Villanova University
Jared Cunningham,2013,2016,G,6-4,195,May 22  1991,Oregon State University
Seth Curry,2014,2016,G,6-2,185,August 23  1990,Duke University
Stephen Curry,2010,2016,G,6-3,185,March 14  1988,Davidson College
Samuel Dalembert,2002,2015,C,6-11,255,May 10  1981,Seton Hall University
Troy Daniels,2014,2016,G,6-4,205,July 15  1991,Virginia Commonwealth University
Luigi Datome,2014,2015,F,6-8,215,November 27  1987,
Brandon Davies,2014,2015,F,6-10,240,July 25  1991,Brigham Young University
Anthony Davis,2013,2016,F-C,6-10,253,March 11  1993,University of Kentucky
Ed Davis,2011,2016,F,6-10,240,June 5  1989,University of North Carolina
Glen Davis,2008,2015,F,6-9,289,January 1  1986,Louisiana State University
Andre Dawkins,2015,2015,G,6-5,215,September 19  1991,Duke University
Branden Dawson,2016,2016,F,6-6,225,February 1  1993,Michigan State University
Eric Dawson,2012,2012,F,6-9,250,July 7  1984,Midwestern State University
Austin Daye,2010,2015,F,6-11,220,June 5  1988,Gonzaga University
Nando De Colo,2013,2014,G,6-5,200,June 23  1987,
Dewayne Dedmon,2014,2016,C,7-0,245,August 12  1989,University of Southern California
Bryce Dejean-Jones,2016,2016,G,6-6,209,August 21  1992,Iowa State University
Sam Dekker,2016,2016,F,6-9,230,May 6  1994,University of Wisconsin
Carlos Delfino,2005,2013,G,6-6,230,August 29  1982,
Matthew Dellavedova,2014,2016,G,6-4,198,September 8  1990,Saint Mary's College of California
Luol Deng,2005,2016,F,6-9,220,April 16  1985,Duke University
DeMar DeRozan,2010,2016,G,6-7,220,August 7  1989,University of Southern California
Boris Diaw,2004,2016,F-C,6-8,250,April 16  1982,
Yakhouba Diawara,2007,2010,G-F,6-7,225,August 29  1982,Pepperdine University
Gorgui Dieng,2014,2016,C,6-11,241,January 18  1990,University of Louisville
Spencer Dinwiddie,2015,2016,G,6-6,200,April 6  1993,University of Colorado
Ike Diogu,2006,2012,F,6-8,250,September 11  1983,Arizona State University
Joey Dorsey,2009,2015,F,6-8,268,December 16  1983,University of Memphis
Toney Douglas,2010,2016,G,6-2,195,March 16  1986,Florida State University
Chris Douglas-Roberts,2009,2015,G,6-7,200,January 8  1987,University of Memphis
Goran Dragic,2009,2016,G,6-3,190,May 6  1986,
Zoran Dragic,2015,2015,G-F,6-5,200,June 22  1989,
Larry Drew,2015,2015,G,6-2,180,March 5  1990,University of California  Los Angeles
Andre Drummond,2013,2016,C,6-11,279,August 10  1993,University of Connecticut
Jared Dudley,2008,2016,F-G,6-7,225,July 10  1985,Boston College
Tim Duncan,1998,2016,F-C,6-11,250,April 25  1976,Wake Forest University
Mike Dunleavy,2003,2016,F-G,6-9,230,September 15  1980,Duke University
Kevin Durant,2008,2016,F,6-9,240,September 29  1988,University of Texas at Austin
Cleanthony Early,2015,2016,F,6-8,210,April 17  1991,Wichita State University
Devin Ebanks,2011,2013,F,6-9,215,October 28  1989,West Virginia University
Jarell Eddie,2016,2016,G-F,6-7,218,October 30  1991,Virginia Polytechnic Institute and State University
Shane Edwards,2014,2014,F,6-7,220,May 31  1987,University of Arkansas at Little Rock
Wayne Ellington,2010,2016,G,6-4,200,October 29  1987,University of North Carolina
Monta Ellis,2006,2016,G,6-3,185,October 26  1985,
Melvin Ely,2003,2014,C,6-10,260,May 2  1978,California State University  Fresno
Kim English,2013,2013,G,6-6,200,September 24  1988,University of Missouri
James Ennis,2015,2016,F,6-7,210,July 1  1990,California State University  Long Beach
Tyler Ennis,2015,2016,G,6-3,194,August 24  1994,Syracuse University
Jeremy Evans,2011,2016,F,6-9,196,October 24  1987,Western Kentucky University
Reggie Evans,2003,2015,F,6-8,245,May 18  1980,University of Iowa
Tyreke Evans,2010,2016,G-F,6-6,220,September 19  1989,University of Memphis
Dante Exum,2015,2015,G,6-6,190,July 13  1995,
Festus Ezeli,2013,2016,C,6-11,255,October 21  1989,Vanderbilt University
Kenneth Faried,2012,2016,F,6-8,228,November 19  1989,Morehead State University
Jordan Farmar,2007,2015,G,6-2,180,November 30  1986,University of California  Los Angeles
Vitor Faverani,2014,2014,C,6-11,260,May 5  1988,
Derrick Favors,2011,2016,F-C,6-10,265,July 15  1991,Georgia Institute of Technology
Cristiano Felicio,2016,2016,F-C,6-10,275,July 7  1992,
Carrick Felix,2014,2014,G,6-6,201,August 17  1990,Arizona State University
Raymond Felton,2006,2016,G,6-1,205,June 26  1984,University of North Carolina
Kyrylo Fesenko,2008,2012,C,7-1,288,December 24  1986,
Landry Fields,2011,2015,F,6-7,210,June 27  1988,Stanford University
Gary Forbes,2011,2012,F,6-7,220,February 25  1985,University of Massachusetts Amherst
Evan Fournier,2013,2016,G-F,6-7,205,October 29  1992,
Randy Foye,2007,2016,G,6-4,213,September 24  1983,Villanova University
Jamaal Franklin,2014,2015,G,6-5,191,July 21  1991,San Diego State University
Tim Frazier,2015,2016,G,6-1,170,November 1  1990,Pennsylvania State University
Jimmer Fredette,2012,2016,G,6-2,195,February 25  1989,Brigham Young University
Joel Freeland,2013,2015,F-C,6-10,250,February 7  1987,
Channing Frye,2006,2016,F-C,6-11,255,May 17  1983,University of Arizona
Dan Gadzuric,2003,2012,C,6-11,240,February 2  1978,University of California  Los Angeles
Danilo Gallinari,2009,2016,F,6-10,225,August 8  1988,
Langston Galloway,2015,2016,G,6-2,200,December 9  1991,Saint Joseph's University
Francisco Garcia,2006,2015,F-G,6-7,195,December 31  1981,University of Louisville
Kevin Garnett,1996,2016,F,6-11,240,May 19  1976,
Diante Garrett,2013,2014,G,6-4,190,November 3  1988,Iowa State University
Marc Gasol,2009,2016,C,7-1,255,January 29  1985,
Pau Gasol,2002,2016,F-C,7-0,250,July 6  1980,
Rudy Gay,2007,2016,F,6-8,230,August 17  1986,University of Connecticut
Alonzo Gee,2010,2016,G,6-6,225,May 29  1987,University of Alabama
Mickael Gelabale,2007,2013,F,6-7,215,May 22  1983,
Paul George,2011,2016,F,6-9,220,May 2  1990,California State University  Fresno
Taj Gibson,2010,2016,F,6-9,225,June 24  1985,University of Southern California
Manu Ginobili,2003,2016,G,6-6,205,July 28  1977,
Mickell Gladness,2012,2012,C,6-11,220,July 26  1986,Alabama A&M University
Rudy Gobert,2014,2016,C,7-1,245,June 26  1992,
Ryan Gomes,2006,2014,F,6-7,250,September 1  1982,Providence College
Drew Gooden,2003,2016,F,6-10,250,September 24  1981,University of Kansas
Archie Goodwin,2014,2016,G,6-5,200,August 17  1994,University of Kentucky
Aaron Gordon,2015,2016,F,6-9,220,September 16  1995,University of Arizona
Ben Gordon,2005,2015,G,6-3,200,April 4  1983,University of Connecticut
Drew Gordon,2015,2015,F,6-9,245,July 12  1990,University of New Mexico
Eric Gordon,2009,2016,G,6-4,215,December 25  1988,Indiana University
Marcin Gortat,2008,2016,C-F,6-11,240,February 17  1984,
Andrew Goudelock,2012,2013,G,6-3,200,December 7  1988,College of Charleston
Danny Granger,2006,2015,F,6-9,222,April 20  1983,University of New Mexico
Jerami Grant,2015,2016,F,6-8,210,March 12  1994,Syracuse University
Jerian Grant,2016,2016,G,6-4,195,October 9  1992,University of Notre Dame
Danny Green,2010,2016,G-F,6-6,215,June 22  1987,University of North Carolina
Draymond Green,2013,2016,F,6-7,230,March 4  1990,Michigan State University
Erick Green,2015,2016,G,6-4,185,May 9  1991,Virginia Polytechnic Institute and State University
Gerald Green,2006,2016,G-F,6-7,205,January 26  1986,
JaMychal Green,2015,2016,F,6-9,227,June 21  1990,University of Alabama
Jeff Green,2008,2016,F,6-9,235,August 28  1986,Georgetown University
Willie Green,2004,2015,G,6-4,200,July 28  1981,University of Detroit Mercy
Donte Greene,2009,2012,F,6-11,226,February 21  1988,Syracuse University
Blake Griffin,2011,2016,F,6-10,251,March 16  1989,University of Oklahoma
Jorge Gutierrez,2014,2015,G,6-3,191,December 27  1988,University of California
P.J. Hairston,2015,2016,G-F,6-6,230,December 24  1992,University of North Carolina
Jordan Hamilton,2012,2015,G-F,6-7,220,October 6  1990,University of Texas at Austin
Justin Hamilton,2014,2015,C,7-0,260,April 1  1990,Louisiana State University
Ben Hansbrough,2013,2013,G,6-3,203,December 23  1987,University of Notre Dame
Tyler Hansbrough,2010,2016,F,6-9,250,November 3  1985,University of North Carolina
Tim Hardaway,2014,2016,G,6-6,205,March 16  1992,University of Michigan
James Harden,2010,2016,G,6-5,220,August 26  1989,Arizona State University
Maurice Harkless,2013,2016,F-G,6-9,215,May 11  1993,St. John's University
Justin Harper,2012,2012,F,6-10,225,August 30  1989,University of Richmond
Montrezl Harrell,2016,2016,F,6-8,240,January 26  1994,University of Louisville
Josh Harrellson,2012,2014,C,6-10,275,February 12  1989,University of Kentucky
Devin Harris,2005,2016,G,6-3,192,February 27  1983,University of Wisconsin
Elias Harris,2014,2014,F,6-8,239,July 6  1989,Gonzaga University
Gary Harris,2015,2016,G,6-4,210,September 14  1994,Michigan State University
Joe Harris,2015,2016,G,6-6,219,September 7  1991,University of Virginia
Manny Harris,2011,2014,G,6-5,185,September 21  1989,University of Michigan
Mike Harris,2008,2014,F,6-6,240,June 15  1983,Rice University
Terrel Harris,2012,2013,G,6-5,190,August 10  1987,Oklahoma State University
Tobias Harris,2012,2016,F,6-9,235,July 15  1992,University of Tennessee
Aaron Harrison,2016,2016,G,6-6,210,October 28  1994,University of Kentucky
Udonis Haslem,2004,2016,F,6-8,235,June 9  1980,University of Florida
Spencer Hawes,2008,2016,C-F,7-1,245,April 28  1988,University of Washington
Chuck Hayes,2006,2016,F-C,6-6,240,June 11  1983,University of Kentucky
Gordon Hayward,2011,2016,F-G,6-8,226,March 23  1990,Butler University
Brendan Haywood,2002,2015,C,7-0,268,November 27  1979,University of North Carolina
Gerald Henderson,2010,2016,G,6-5,215,December 9  1987,Duke University
Xavier Henry,2011,2015,G,6-6,220,March 15  1991,University of Kansas
John Henson,2013,2016,F,6-11,229,December 28  1990,University of North Carolina
Mario Hezonja,2016,2016,F-G,6-8,215,February 25  1995,
Roy Hibbert,2009,2016,C,7-2,270,December 11  1986,Georgetown University
J.J. Hickson,2009,2016,F,6-9,242,September 4  1988,North Carolina State University
Nene Hilario,2003,2016,F-C,6-11,250,September 13  1982,
George Hill,2009,2016,G,6-3,188,May 4  1986,Indiana University-Purdue University Indianapolis
Jordan Hill,2010,2016,C-F,6-10,235,July 27  1987,University of Arizona
Solomon Hill,2014,2016,F,6-7,225,March 18  1991,University of Arizona
Darrun Hilliard,2016,2016,G,6-6,205,April 13  1993,Villanova University
Kirk Hinrich,2004,2016,G,6-4,190,January 2  1981,University of Kansas
Jrue Holiday,2010,2016,G,6-4,205,June 12  1990,University of California  Los Angeles
Justin Holiday,2013,2016,G-F,6-6,185,April 5  1989,University of Washington
Ryan Hollins,2007,2016,C,7-0,240,October 10  1984,University of California  Los Angeles
Rondae Hollis-Jefferson,2016,2016,F,6-7,220,January 3  1995,University of Arizona
Richaun Holmes,2016,2016,F,6-10,245,October 15  1993,Bowling Green State University
Rodney Hood,2015,2016,G-F,6-8,206,October 20  1992,Duke University
Scotty Hopson,2014,2014,G,6-7,204,August 8  1989,University of Tennessee
Al Horford,2008,2016,F-C,6-10,245,June 3  1986,University of Florida
Dwight Howard,2005,2016,C-F,6-11,265,December 8  1985,
Josh Howard,2004,2013,F-G,6-7,210,April 28  1980,Wake Forest University
Lester Hudson,2010,2015,G,6-3,190,August 7  1984,University of Tennessee at Martin
Marcelo Huertas,2016,2016,G,6-3,185,May 25  1983,
Robbie Hummel,2014,2015,F,6-8,215,March 8  1989,Purdue University
Kris Humphries,2005,2016,F,6-9,235,February 6  1985,University of Minnesota
R.J. Hunter,2016,2016,G,6-5,185,October 24  1993,Georgia State University
Serge Ibaka,2010,2016,F,6-10,245,September 18  1989,
Andre Iguodala,2005,2016,G-F,6-6,207,January 28  1984,University of Arizona
Didier Ilunga-Mbenga,2005,2011,C,7-0,245,December 30  1980,
Ersan Ilyasova,2007,2016,F,6-10,235,May 15  1987,
Joe Ingles,2015,2016,F-G,6-8,226,October 2  1987,
Damien Inglis,2016,2016,F,6-8,246,May 20  1995,
Kyrie Irving,2012,2016,G,6-3,193,March 23  1992,Duke University
Jarrett Jack,2006,2016,G,6-3,200,October 28  1983,Georgia Institute of Technology
Darnell Jackson,2009,2011,F,6-9,253,November 7  1985,University of Kansas
Reggie Jackson,2012,2016,G,6-3,208,April 16  1990,Boston College
Bernard James,2013,2015,C,6-10,240,February 7  1985,Florida State University
Damion James,2011,2014,G-F,6-7,225,October 7  1987,University of Texas at Austin
LeBron James,2004,2016,F-G,6-8,250,December 30  1984,
Mike James,2002,2014,G,6-2,188,June 23  1975,Duquesne University
Othyus Jeffers,2010,2014,G,6-5,200,August 5  1985,Robert Morris University (IL)
Al Jefferson,2005,2016,C-F,6-10,289,January 4  1985,
Cory Jefferson,2015,2016,F,6-9,218,December 26  1990,Baylor University
Richard Jefferson,2002,2016,F,6-7,233,June 21  1980,University of Arizona
Charles Jenkins,2012,2013,G,6-3,220,February 28  1989,Hofstra University
John Jenkins,2013,2016,G,6-4,215,March 6  1991,Vanderbilt University
Brandon Jennings,2010,2016,G,6-1,169,September 23  1989,
Jonas Jerebko,2010,2016,F,6-10,231,March 2  1987,
Grant Jerrett,2015,2015,F,6-10,235,July 8  1993,University of Arizona
Amir Johnson,2006,2016,F,6-9,240,May 1  1987,
Chris Johnson,2011,2013,C,6-11,210,July 15  1985,Louisiana State University
Chris Johnson,2013,2016,F-G,6-6,206,April 29  1990,University of Dayton
Ivan Johnson,2012,2013,F,6-8,230,April 10  1984,University of Oregon
James Johnson,2010,2016,F,6-9,250,February 20  1987,Wake Forest University
Joe Johnson,2002,2016,G-F,6-7,240,June 29  1981,University of Arkansas
Nick Johnson,2015,2015,G,6-3,202,December 22  1992,University of Arizona
Orlando Johnson,2013,2016,G,6-5,220,March 11  1989,University of California  Santa Barbara
Stanley Johnson,2016,2016,F,6-7,245,May 29  1996,University of Arizona
Trey Johnson,2009,2012,G,6-5,218,August 30  1984,Jackson State University
Tyler Johnson,2015,2016,G,6-4,186,May 7  1992,California State University  Fresno
Wesley Johnson,2011,2016,F-G,6-7,215,July 11  1987,Syracuse University
Darius Johnson-Odom,2013,2014,G,6-2,215,September 28  1989,Marquette University
Nikola Jokic,2016,2016,C,6-10,250,February 19  1995,
Dahntay Jones,2004,2015,G-F,6-6,225,December 27  1980,Duke University
DeQuan Jones,2013,2013,F,6-8,221,June 20  1990,University of Miami
James Jones,2004,2016,F-G,6-8,218,October 4  1980,University of Miami
Kevin Jones,2013,2013,F,6-8,251,August 25  1989,West Virginia University
Perry Jones,2013,2015,F,6-11,235,September 24  1991,Baylor University
Solomon Jones,2007,2014,F,6-10,230,July 16  1984,University of South Florida
Terrence Jones,2013,2016,F,6-9,252,January 9  1992,University of Kentucky
Tyus Jones,2016,2016,G,6-2,195,May 10  1996,Duke University
DeAndre Jordan,2009,2016,C,6-11,265,July 21  1988,Texas A&M University
Jerome Jordan,2012,2015,C,7-0,253,September 29  1986,University of Tulsa
Cory Joseph,2012,2016,G,6-3,190,August 20  1991,University of Texas at Austin
Kris Joseph,2013,2013,F,6-7,210,December 17  1988,Syracuse University
Chris Kaman,2004,2016,C,7-0,265,April 28  1982,Central Michigan University
Frank Kaminsky,2016,2016,F-C,7-0,242,April 4  1993,University of Wisconsin
Enes Kanter,2012,2016,C,6-11,245,May 20  1992,
Jason Kapono,2004,2012,F,6-8,213,February 4  1981,University of California  Los Angeles
Sergey Karasev,2014,2016,G-F,6-7,208,October 26  1993,
Sasha Kaun,2016,2016,C,6-11,260,May 8  1985,University of Kansas
Ryan Kelly,2014,2016,F,6-11,230,April 9  1991,Duke University
D.J. Kennedy,2012,2012,F,6-6,215,November 5  1989,St. John's University
Michael Kidd-Gilchrist,2013,2016,F,6-7,232,September 26  1993,University of Kentucky
Sean Kilpatrick,2015,2016,G,6-4,210,January 6  1990,University of Cincinnati
Alex Kirk,2015,2015,C,7-0,245,November 14  1991,University of New Mexico
Linas Kleiza,2006,2013,F,6-8,245,January 3  1985,University of Missouri
Brandon Knight,2012,2016,G,6-3,189,December 2  1991,University of Kentucky
Kyle Korver,2004,2016,G-F,6-7,212,March 17  1981,Creighton University
Kosta Koufos,2009,2016,C,7-0,265,February 24  1989,Ohio State University
Viacheslav Kravtsov,2013,2014,C,7-0,260,August 25  1987,
Ognjen Kuzmic,2014,2015,C,7-1,251,May 16  1990,
Doron Lamb,2013,2014,G,6-4,210,November 6  1991,University of Kentucky
Jeremy Lamb,2013,2016,G-F,6-5,185,May 30  1992,University of Connecticut
Carl Landry,2008,2016,F,6-9,248,September 19  1983,Purdue University
Marcus Landry,2010,2010,F,6-7,230,November 1  1985,University of Wisconsin
Shane Larkin,2014,2016,G,5-11,175,October 2  1992,University of Miami
Joffrey Lauvergne,2015,2016,F,6-11,220,September 30  1991,
Zach LaVine,2015,2016,G,6-5,189,March 10  1995,University of California  Los Angeles
Gani Lawal,2011,2011,F,6-9,234,November 7  1988,Georgia Institute of Technology
Ty Lawson,2010,2016,G,5-11,195,November 3  1987,University of North Carolina
Ricky Ledo,2014,2015,G,6-7,195,September 10  1992,
Courtney Lee,2009,2016,G,6-5,200,October 3  1985,Western Kentucky University
David Lee,2006,2016,F,6-9,245,April 29  1983,University of Florida
Malcolm Lee,2012,2015,G,6-5,200,May 22  1990,University of California  Los Angeles
Alex Len,2014,2016,C,7-1,260,June 16  1993,University of Maryland
Kawhi Leonard,2012,2016,F,6-7,230,June 29  1991,San Diego State University
Meyers Leonard,2013,2016,C,7-1,245,February 27  1992,University of Illinois at Urbana-Champaign
Jon Leuer,2012,2016,F,6-10,228,May 14  1989,University of Wisconsin
DeAndre Liggins,2012,2014,G,6-6,209,March 31  1988,University of Kentucky
Damian Lillard,2013,2016,G,6-3,195,July 15  1990,Weber State University
Jeremy Lin,2011,2016,G,6-3,200,August 23  1988,Harvard University
Shaun Livingston,2005,2016,G,6-7,182,September 11  1985,
Kevon Looney,2016,2016,F,6-9,220,February 6  1996,University of California  Los Angeles
Brook Lopez,2009,2016,C,7-0,275,April 1  1988,Stanford University
Robin Lopez,2009,2016,C,7-0,255,April 1  1988,Stanford University
Kevin Love,2009,2016,F,6-10,251,September 7  1988,University of California  Los Angeles
Kyle Lowry,2007,2016,G,6-0,205,March 25  1986,Villanova University
Kalin Lucas,2015,2015,G,6-1,195,May 24  1989,Michigan State University
John Lucas III,2006,2015,G,5-11,165,November 21  1982,Oklahoma State University
Trey Lyles,2016,2016,F,6-10,234,November 5  1995,University of Kentucky
Scott Machado,2013,2013,G,6-1,205,June 8  1990,Iona College
Shelvin Mack,2012,2016,G,6-3,203,April 22  1990,Butler University
Vernon Macklin,2012,2012,F,6-10,227,September 20  1986,University of Florida
Ian Mahinmi,2008,2016,C,6-11,250,November 5  1986,
Devyn Marble,2015,2016,G-F,6-6,200,September 21  1992,University of Iowa
Boban Marjanovic,2016,2016,C,7-3,290,August 15  1988,
Kendall Marshall,2013,2016,G,6-4,200,August 19  1991,University of North Carolina
Cartier Martin,2009,2015,F,6-7,220,November 20  1984,Kansas State University
Jarell Martin,2016,2016,F,6-10,239,May 24  1994,Louisiana State University
Kevin Martin,2005,2016,G,6-7,199,February 1  1983,Western Carolina University
Wesley Matthews,2010,2016,G,6-5,220,October 14  1986,Marquette University
Jason Maxiell,2006,2015,F,6-7,260,February 18  1983,University of Cincinnati
Eric Maynor,2010,2014,G,6-3,175,June 11  1987,Virginia Commonwealth University
O.J. Mayo,2009,2016,G,6-5,210,November 5  1987,University of Southern California
Luc Mbah a Moute,2009,2016,F,6-8,230,September 9  1986,University of California  Los Angeles
James Michael McAdoo,2015,2016,F,6-9,230,January 4  1993,University of North Carolina
Ray McCallum,2014,2016,G,6-3,190,June 12  1991,University of Detroit Mercy
C.J. McCollum,2014,2016,G,6-4,200,September 19  1991,Lehigh University
T.J. McConnell,2016,2016,G,6-2,200,March 25  1992,University of Arizona
Chris McCullough,2016,2016,F,6-11,200,February 5  1995,Syracuse University
K.J. McDaniels,2015,2016,G-F,6-6,205,February 9  1993,Clemson University
Doug McDermott,2015,2016,F,6-8,225,January 3  1992,Creighton University
Mitch McGary,2015,2016,F,6-10,255,June 6  1992,University of Michigan
JaVale McGee,2009,2016,C,7-0,270,January 19  1988,University of Nevada  Reno
Dominic McGuire,2008,2013,F,6-9,220,October 20  1985,California State University  Fresno
Ben McLemore,2014,2016,G,6-5,195,February 11  1993,University of Kansas
Jerel McNeal,2015,2015,G,6-3,200,June 1  1987,Marquette University
Jordan McRae,2016,2016,G,6-6,185,March 28  1991,University of Tennessee
Josh McRoberts,2008,2016,F,6-10,240,February 28  1987,Duke University
Jodie Meeks,2010,2016,G,6-4,208,August 21  1987,University of Kentucky
Salah Mejri,2016,2016,C,7-1,245,June 15  1986,
Gal Mekel,2014,2015,G,6-3,191,March 4  1988,Wichita State University
Fab Melo,2013,2013,C,7-0,255,June 20  1990,Syracuse University
Pops Mensah-Bonsu,2007,2011,F,6-9,240,September 7  1983,George Washington University
Jordan Mickey,2016,2016,F,6-8,235,July 9  1994,Louisiana State University
Khris Middleton,2013,2016,F-G,6-8,234,August 12  1991,Texas A&M University
C.J. Miles,2006,2016,G-F,6-6,231,April 18  1987,
Andre Miller,2000,2016,G,6-3,200,March 19  1976,University of Utah
Darius Miller,2013,2015,F,6-8,235,March 21  1990,University of Kentucky
Mike Miller,2001,2016,F-G,6-8,218,February 19  1980,University of Florida
Quincy Miller,2013,2015,F,6-9,210,November 18  1992,Baylor University
Patrick Mills,2010,2016,G,6-0,185,August 11  1988,Saint Mary's College of California
Elijah Millsap,2015,2016,G-F,6-6,225,August 12  1987,University of Alabama at Birmingham
Paul Millsap,2007,2016,F,6-8,246,February 10  1985,Louisiana Tech University
Nikola Mirotic,2015,2016,F,6-10,220,February 11  1991,
Tony Mitchell,2014,2014,F,6-6,216,August 7  1989,University of Alabama
Tony Mitchell,2014,2014,F,6-8,235,April 7  1992,University of North Texas
Nazr Mohammed,1999,2015,C,6-10,221,September 5  1977,University of Kentucky
Greg Monroe,2011,2016,C-F,6-11,265,June 4  1990,Georgetown University
Luis Montero,2016,2016,G,6-7,185,April 6  1993,Westchester CC
E'Twaun Moore,2012,2016,G,6-4,191,February 28  1989,Purdue University
Eric Moreland,2015,2016,F-C,6-10,238,December 24  1991,Oregon State University
Darius Morris,2012,2015,G,6-4,190,January 3  1991,University of Michigan
Marcus Morris,2012,2016,F,6-9,235,September 2  1989,University of Kansas
Markieff Morris,2012,2016,F,6-10,245,September 2  1989,University of Kansas
Anthony Morrow,2009,2016,G,6-5,210,September 27  1985,Georgia Institute of Technology
Donatas Motiejunas,2013,2016,F-C,7-0,222,September 20  1990,
Arnett Moultrie,2013,2014,F,6-11,249,November 18  1990,Mississippi State University
Timofey Mozgov,2011,2016,C,7-1,275,July 16  1986,
Emmanuel Mudiay,2016,2016,G,6-5,200,March 5  1996,
Shabazz Muhammad,2014,2016,G-F,6-6,223,November 13  1992,University of California  Los Angeles
Byron Mullens,2010,2014,C,7-0,275,February 14  1989,Ohio State University
Erik Murphy,2014,2014,F,6-10,230,October 26  1990,University of Florida
Kevin Murphy,2013,2013,G,6-6,185,March 6  1990,Tennessee Technological University
Toure' Murry,2014,2015,G-F,6-5,195,November 8  1989,Wichita State University
Mike Muscala,2014,2016,F-C,6-11,240,July 1  1991,Bucknell University
Hamady N'Diaye,2011,2014,C,7-0,235,January 12  1987,Rutgers University
Larry Nance Jr.,2016,2016,F,6-9,230,January 1  1993,University of Wyoming
Shabazz Napier,2015,2016,G,6-1,175,July 14  1991,University of Connecticut
Gary Neal,2011,2016,G,6-4,210,October 3  1984,Towson University
Nemanja Nedovic,2014,2014,G,6-3,192,June 16  1991,
Jameer Nelson,2005,2016,G,6-0,190,February 9  1982,Saint Joseph's University
Raul Neto,2016,2016,G,6-1,179,May 19  1992,
Andrew Nicholson,2013,2016,F,6-9,250,December 8  1989,St. Bonaventure University
Joakim Noah,2008,2016,C,6-11,232,February 25  1985,University of Florida
Nerlens Noel,2015,2016,F-C,6-11,228,April 10  1994,University of Kentucky
Lucas Nogueira,2015,2016,C,7-0,220,July 26  1992,
Steve Novak,2007,2016,F,6-10,225,June 13  1983,Marquette University
Dirk Nowitzki,1999,2016,F,7-0,245,June 19  1978,
James Nunnally,2014,2014,F,6-7,205,July 14  1990,University of California  Santa Barbara
Jusuf Nurkic,2015,2016,C,7-0,280,August 23  1994,
J.J. O'Brien,2016,2016,F,6-7,228,April 8  1992,San Diego State University
Johnny O'Bryant,2015,2016,F-C,6-9,257,June 1  1993,Louisiana State University
Patrick O'Bryant,2007,2010,C,7-0,260,June 20  1986,Bradley University
Jermaine O'Neal,1997,2014,F-C,6-11,226,October 13  1978,
Kyle O'Quinn,2013,2016,C,6-10,250,March 26  1990,Norfolk State University
Greg Oden,2009,2014,C,7-0,250,January 22  1988,Ohio State University
Tim Ohlbrecht,2013,2013,C,6-11,255,August 30  1988,
Jahlil Okafor,2016,2016,C,6-11,275,December 15  1995,Duke University
Victor Oladipo,2014,2016,G,6-4,210,May 4  1992,Indiana University
Kelly Olynyk,2014,2016,F,7-0,238,April 19  1991,Gonzaga University
Arinze Onuaku,2014,2015,F,6-9,275,July 13  1987,Syracuse University
Daniel Orton,2012,2014,F,6-10,255,August 6  1990,University of Kentucky
Kelly Oubre,2016,2016,F,6-7,205,December 9  1995,University of Kansas
Travis Outlaw,2004,2014,F,6-9,210,September 18  1984,
Zaza Pachulia,2004,2016,C,6-11,270,February 10  1984,
Kostas Papanikolaou,2015,2016,F,6-8,225,July 31  1990,
Jannero Pargo,2003,2015,G,6-1,175,October 22  1979,University of Arkansas
Jabari Parker,2015,2016,F,6-8,250,March 15  1995,Duke University
Tony Parker,2002,2016,G,6-2,185,May 17  1982,
Chandler Parsons,2012,2016,F,6-9,227,October 25  1988,University of Florida
Lamar Patterson,2016,2016,G-F,6-5,225,August 12  1991,University of Pittsburgh
Patrick Patterson,2011,2016,F,6-9,235,March 14  1989,University of Kentucky
Chris Paul,2006,2016,G,6-0,175,May 6  1985,Wake Forest University
Sasha Pavlovic,2004,2013,G-F,6-8,220,November 15  1983,
Adreian Payne,2015,2016,F,6-10,237,February 19  1991,Michigan State University
Cameron Payne,2016,2016,G,6-3,185,August 8  1994,Murray State University
Elfrid Payton,2015,2016,G,6-4,185,February 22  1994,University of Louisiana at Lafayette
Oleksiy Pecherov,2008,2010,C,7-0,232,December 8  1985,
Nikola Pekovic,2011,2016,C,6-11,307,January 3  1986,
Kendrick Perkins,2004,2016,C,6-10,270,November 10  1984,
Johan Petro,2006,2013,C,7-0,247,January 27  1986,
Paul Pierce,1999,2016,F-G,6-7,235,October 13  1977,University of Kansas
Mickael Pietrus,2004,2013,G-F,6-6,215,February 7  1982,
Dexter Pittman,2011,2014,C,6-11,308,March 2  1988,University of Texas at Austin
Tibor Pleiss,2016,2016,C,7-3,256,November 2  1989,
Mason Plumlee,2014,2016,F,6-11,245,March 5  1990,Duke University
Miles Plumlee,2013,2016,C-F,6-11,249,September 1  1988,Duke University
Quincy Pondexter,2011,2015,G-F,6-7,220,March 10  1988,University of Washington
Otto Porter,2014,2016,F,6-8,198,June 3  1993,Georgetown University
Bobby Portis,2016,2016,F,6-11,230,February 10  1995,University of Arkansas
Kristaps Porzingis,2016,2016,F-C,7-3,240,August 2  1995,
Dwight Powell,2015,2016,F,6-11,240,July 20  1991,Stanford University
Josh Powell,2006,2014,F,6-9,225,January 25  1983,North Carolina State University
Norman Powell,2016,2016,G,6-4,215,May 25  1993,University of California  Los Angeles
Phil Pressey,2014,2016,G,5-11,175,February 17  1991,University of Missouri
A.J. Price,2010,2015,G,6-2,181,October 7  1986,University of Connecticut
Ronnie Price,2006,2016,G,6-2,190,June 21  1983,Utah Valley State College
Pablo Prigioni,2013,2016,G,6-3,185,May 17  1977,
Tayshaun Prince,2003,2016,F,6-9,212,February 28  1980,University of Kentucky
Miroslav Raduljica,2014,2015,C,7-0,250,January 5  1988,
Julius Randle,2015,2016,F,6-9,250,November 29  1994,University of Kentucky
Anthony Randolph,2009,2014,F,6-10,205,July 15  1989,Louisiana State University
Shavlik Randolph,2006,2015,F,6-10,240,November 24  1983,Duke University
Zach Randolph,2002,2016,F,6-9,260,July 16  1981,Michigan State University
J.J. Redick,2007,2016,G,6-4,190,June 24  1984,Duke University
Willie Reed,2016,2016,PF,6-10,220,May 16  1990,Saint Louis University
Glen Rice,2014,2015,G,6-6,206,January 1  1991,Georgia Institute of Technology
Josh Richardson,2016,2016,G,6-6,200,September 15  1993,University of Tennessee
Luke Ridnour,2004,2015,G,6-2,175,February 13  1981,University of Oregon
Austin Rivers,2013,2016,G,6-4,200,August 1  1992,Duke University
Andre Roberson,2014,2016,G-F,6-7,210,December 4  1991,University of Colorado
Brian Roberts,2013,2016,G,6-1,173,December 3  1985,University of Dayton
Nate Robinson,2006,2016,G,5-9,180,May 31  1984,University of Washington
Thomas Robinson,2013,2016,F,6-10,237,March 17  1991,University of Kansas
Glenn Robinson III,2015,2016,G-F,6-7,222,January 8  1994,University of Michigan
Rajon Rondo,2007,2016,G,6-1,186,February 22  1986,University of Kentucky
Derrick Rose,2009,2016,G,6-3,190,October 4  1988,University of Memphis
Terrence Ross,2013,2016,F-G,6-7,195,February 5  1991,University of Washington
Terry Rozier,2016,2016,G,6-2,190,March 17  1994,University of Louisville
Ricky Rubio,2012,2016,G,6-4,194,October 21  1990,
Damjan Rudez,2015,2016,F,6-10,228,June 17  1986,
Brandon Rush,2009,2016,G-F,6-6,210,July 7  1985,University of Kansas
D'Angelo Russell,2016,2016,G,6-5,195,February 23  1996,Ohio State University
Robert Sacre,2013,2016,C,7-0,270,June 6  1989,Gonzaga University
John Salmons,2003,2015,G,6-7,210,December 12  1979,University of Miami
JaKarr Sampson,2015,2016,G-F,6-9,214,March 20  1993,St. John's University
Dennis Schroder,2014,2016,G,6-1,172,September 15  1993,
Luis Scola,2008,2016,F,6-9,240,April 30  1980,
Mike Scott,2013,2016,F,6-8,237,July 16  1988,University of Virginia
Thabo Sefolosha,2007,2016,G-F,6-7,220,May 2  1984,
Kevin Seraphin,2011,2016,F,6-10,278,December 7  1989,
Ramon Sessions,2008,2016,G,6-3,190,April 11  1986,University of Nevada  Reno
Mustafa Shakur,2011,2014,G,6-3,190,August 18  1984,University of Arizona
Tornike Shengelia,2013,2014,F,6-9,217,October 5  1991,
Iman Shumpert,2012,2016,G,6-5,220,June 26  1990,Georgia Institute of Technology
Alexey Shved,2013,2015,G,6-6,190,December 16  1988,
Xavier Silas,2012,2012,G,6-5,205,January 22  1988,Northern Illinois University
Jonathon Simmons,2016,2016,G-F,6-6,195,September 14  1989,University of Houston
Henry Sims,2013,2015,C,6-10,248,March 27  1990,Georgetown University
Kyle Singler,2013,2016,F,6-8,228,May 4  1988,Duke University
Chris Singleton,2012,2014,F,6-8,230,November 21  1989,Florida State University
Peyton Siva,2014,2014,G,6-0,185,October 24  1990,University of Louisville
Donald Sloan,2012,2016,G,6-3,205,January 15  1988,Texas A&M University
Marcus Smart,2015,2016,G,6-4,220,March 6  1994,Oklahoma State University
Chris Smith,2014,2014,G,6-2,200,October 13  1987,University of Louisville
Greg Smith,2012,2015,C,6-10,250,January 8  1991,California State University  Fresno
Ish Smith,2011,2016,G,6-0,175,July 5  1988,Wake Forest University
J.R. Smith,2005,2016,G-F,6-6,225,September 9  1985,
Jason Smith,2008,2016,F-C,7-0,245,March 2  1986,Colorado State University
Josh Smith,2005,2016,F,6-9,225,December 5  1985,
Nolan Smith,2012,2013,G,6-2,185,July 25  1988,Duke University
Russ Smith,2015,2016,G,6-0,165,April 19  1991,University of Louisville
Tony Snell,2014,2016,G-F,6-7,200,November 10  1991,University of New Mexico
James Southerland,2014,2014,F,6-8,215,April 28  1990,Syracuse University
Marreese Speights,2009,2016,C-F,6-10,255,August 4  1987,University of Florida
Tiago Splitter,2011,2016,F-C,6-11,245,January 1  1985,
Nik Stauskas,2015,2016,G,6-6,205,October 7  1993,University of Michigan
D.J. Stephens,2014,2014,G-F,6-5,190,December 19  1990,University of Memphis
Lance Stephenson,2011,2016,G-F,6-5,230,September 5  1990,University of Cincinnati
Greg Stiemsma,2012,2015,C,6-11,260,September 26  1985,University of Wisconsin
David Stockton,2015,2015,G,5-11,165,June 24  1991,Gonzaga University
Jarnell Stokes,2015,2016,F-C,6-9,263,January 7  1994,University of Tennessee
Julyan Stone,2012,2014,G,6-6,200,December 7  1988,University of Texas at El Paso
Amar'e Stoudemire,2003,2016,F-C,6-10,245,November 16  1982,
Rodney Stuckey,2008,2016,G,6-5,205,April 21  1986,Eastern Washington University
Jared Sullinger,2013,2016,F,6-9,260,March 4  1992,Ohio State University
DaJuan Summers,2010,2013,F,6-8,230,January 24  1988,Georgetown University
Walter Tavares,2016,2016,C,7-3,260,March 22  1992,
Jeffery Taylor,2013,2015,F,6-7,225,May 23  1989,Vanderbilt University
Jermaine Taylor,2010,2011,G,6-4,210,December 8  1986,University of Central Florida
Tyshawn Taylor,2013,2014,G,6-3,185,April 12  1990,University of Kansas
Jeff Teague,2010,2016,G,6-2,186,June 10  1988,Wake Forest University
Marquis Teague,2013,2014,G,6-2,189,February 28  1993,University of Kentucky
Mirza Teletovic,2013,2016,F,6-9,242,September 18  1985,
Sebastian Telfair,2005,2015,G,6-0,165,June 9  1985,
Garrett Temple,2010,2016,G,6-6,195,May 8  1986,Louisiana State University
Jason Terry,2000,2016,G,6-2,185,September 15  1977,University of Arizona
Hasheem Thabeet,2010,2014,C,7-3,263,February 16  1987,University of Connecticut
Adonis Thomas,2014,2014,F,6-7,200,March 25  1993,University of Memphis
Isaiah Thomas,2012,2016,G,5-9,185,February 7  1989,University of Washington
Lance Thomas,2012,2016,F,6-8,235,April 24  1988,Duke University
Malcolm Thomas,2012,2015,F,6-9,225,November 8  1988,San Diego State University
Tyrus Thomas,2007,2015,F,6-9,215,August 17  1986,Louisiana State University
Hollis Thompson,2014,2016,G-F,6-8,206,April 3  1991,Georgetown University
Jason Thompson,2009,2016,F-C,6-11,250,July 21  1986,Rider University
Klay Thompson,2012,2016,G,6-7,205,February 8  1990,Washington State University
Tristan Thompson,2012,2016,F-C,6-9,238,March 13  1991,University of Texas at Austin
Marcus Thornton,2010,2016,G,6-4,205,June 5  1987,Louisiana State University
Jamaal Tinsley,2002,2014,G,6-3,195,February 28  1978,Iowa State University
Anthony Tolliver,2009,2016,F-C,6-8,240,June 1  1985,Creighton University
Karl-Anthony Towns,2016,2016,F-C,7-0,244,November 15  1995,University of Kentucky
Nikoloz Tskitishvili,2003,2006,F,7-0,225,April 14  1983,
P.J. Tucker,2007,2016,F,6-6,245,May 5  1985,University of Texas at Austin
Ronny Turiaf,2006,2015,F,6-10,249,January 13  1983,Gonzaga University
Evan Turner,2011,2016,G,6-7,220,October 27  1988,Ohio State University
Myles Turner,2016,2016,F-C,6-11,243,March 24  1996,University of Texas at Austin
Jeremy Tyler,2012,2014,C,6-10,260,June 21  1991,
Ekpe Udoh,2011,2015,F,6-10,240,May 20  1987,Baylor University
Beno Udrih,2005,2016,G,6-3,205,July 5  1982,
Jonas Valanciunas,2013,2016,C,7-0,255,May 6  1992,
Anderson Varejao,2005,2016,F-C,6-10,273,September 28  1982,
Jarvis Varnado,2013,2014,F,6-9,230,March 1  1988,Mississippi State University
Greivis Vasquez,2011,2016,G,6-6,217,January 16  1987,University of Maryland
Rashad Vaughn,2016,2016,G,6-6,202,August 16  1996,University of Nevada  Las Vegas
Jan Vesely,2012,2014,F,6-11,240,April 24  1990,
Charlie Villanueva,2006,2016,F,6-11,232,August 24  1984,University of Connecticut
Noah Vonleh,2015,2016,F,6-10,240,August 24  1995,Indiana University
Nikola Vucevic,2012,2016,C,7-0,260,October 24  1990,University of Southern California
Sasha Vujacic,2005,2016,G,6-7,195,March 8  1984,
Dwyane Wade,2004,2016,G,6-4,220,January 17  1982,Marquette University
Dion Waiters,2013,2016,G,6-4,225,December 10  1991,Syracuse University
Henry Walker,2009,2015,F,6-6,220,October 9  1987,Kansas State University
Kemba Walker,2012,2016,G,6-1,172,May 8  1990,University of Connecticut
John Wall,2011,2016,G,6-4,195,September 6  1990,University of Kentucky
Gerald Wallace,2002,2015,F,6-7,215,July 23  1982,University of Alabama
Casper Ware,2014,2014,G,5-10,175,January 17  1990,California State University  Long Beach
T.J. Warren,2015,2016,F,6-8,230,September 5  1993,North Carolina State University
C.J. Watson,2008,2016,G,6-2,175,April 17  1984,University of Tennessee
Maalik Wayns,2013,2014,G,6-2,200,May 2  1991,Villanova University
David Wear,2015,2015,F,6-10,230,September 21  1990,University of California  Los Angeles
Travis Wear,2015,2015,F,6-10,230,September 21  1990,University of California  Los Angeles
Martell Webster,2006,2015,G-F,6-7,230,December 4  1986,
Sonny Weems,2009,2016,G-F,6-6,205,July 8  1986,University of Arkansas
David West,2004,2016,F,6-9,250,August 29  1980,Xavier University
Russell Westbrook,2009,2016,G,6-3,200,November 12  1988,University of California  Los Angeles
D.J. White,2009,2014,F,6-9,251,August 31  1986,Indiana University
Royce White,2014,2014,F,6-8,270,April 10  1991,Iowa State University
Hassan Whiteside,2011,2016,C,7-0,265,June 13  1989,Marshall University
Shayne Whittington,2015,2016,F-C,6-11,250,March 27  1991,Western Michigan University
Andrew Wiggins,2015,2016,F-G,6-8,199,February 23  1995,University of Kansas
C.J. Wilcox,2015,2016,G,6-5,195,December 30  1990,University of Washington
Damien Wilkins,2005,2013,F-G,6-6,225,January 11  1980,University of Georgia
Deron Williams,2006,2016,G,6-3,200,June 26  1984,University of Illinois at Urbana-Champaign
Derrick Williams,2012,2016,F,6-8,240,May 25  1991,University of Arizona
Elliot Williams,2012,2016,G,6-5,190,June 20  1989,University of Memphis
Lou Williams,2006,2016,G,6-1,175,October 27  1986,
Marcus Williams,2008,2009,F,6-7,205,November 18  1986,University of Arizona
Marvin Williams,2006,2016,F,6-9,237,June 19  1986,University of North Carolina
Mo Williams,2004,2016,G,6-1,198,December 19  1982,University of Alabama
Reggie Williams,2010,2015,F,6-6,205,September 14  1986,Virginia Military Institute
Shawne Williams,2007,2015,F,6-9,225,February 16  1986,University of Memphis
Justise Winslow,2016,2016,F,6-7,225,March 26  1996,Duke University
Jeff Withey,2014,2016,C,7-0,231,March 7  1990,University of Kansas
Nate Wolters,2014,2015,G,6-4,190,May 15  1991,South Dakota State University
Christian Wood,2016,2016,F,6-11,220,September 27  1995,University of Nevada  Las Vegas
Metta World Peace,2000,2016,F,6-6,260,November 13  1979,St. John's University
Brandan Wright,2008,2016,F,6-10,210,October 5  1987,University of North Carolina
Chris Wright,2012,2014,F,6-8,226,September 30  1988,University of Dayton
Delon Wright,2016,2016,G,6-5,190,April 26  1992,University of Utah
Dorell Wright,2005,2015,G-F,6-7,200,December 2  1985,
Tony Wroten,2013,2016,G,6-6,205,April 13  1993,University of Washington
James Young,2015,2016,G-F,6-6,215,August 16  1995,University of Kentucky
Joseph Young,2016,2016,G,6-2,180,June 27  1992,University of Oregon
Nick Young,2008,2016,G-F,6-7,210,June 1  1985,University of Southern California
Sam Young,2010,2013,F,6-6,220,June 1  1985,University of Pittsburgh
Thaddeus Young,2008,2016,F,6-8,221,June 21  1988,Georgia Institute of Technology
Cody Zeller,2014,2016,F-C,7-0,240,October 5  1992,Indiana University
Tyler Zeller,2013,2016,F-C,7-0,253,January 17  1990,University of North Carolina
Player,From,To,Pos,Ht,Wt,DOB,College
Player,From,To,Pos,Ht,Wt,DOB,College
Player,From,To,Pos,Ht,Wt,DOB,College
Player,From,To,Pos,Ht,Wt,DOB,College
